Keyword,Intent,Cluster,Primary Page,Notes,Est. Monthly Volume (Phoenix),Difficulty,Title Suggestion,H1 Suggestion,SERP Feature Target,Schema To Include,Primary CTA,Internal Link Targets
24/7 mobile diesel repair phoenix,Emergency,Emergency,/services/emergency-roadside-assistance,High-intent core term; include phone CTA,200-400,Med,"24/7 Mobile Diesel Repair Phoenix | 24/7 Mobile Diesel Mechanic — Phoenix, AZ",24/7 Mobile Diesel Repair Phoenix,"Map Pack, Call Extension, Sitelinks","AutoRepair (LocalBusiness), Service, BreadcrumbList, FAQPage",Tap‑to‑Call + 'Dispatch in X minutes',Link to Phoenix + Emergency page
mobile diesel mechanic phoenix,Emergency,Emergency,/locations/phoenix,Primary H1 target for Phoenix page,300-500,Med,"Mobile Diesel Mechanic Phoenix | 24/7 Mobile Diesel Mechanic — Phoenix, AZ",Mobile Diesel Mechanic Phoenix,"Map Pack, Call Extension, Sitelinks","AutoRepair (LocalBusiness), Service, BreadcrumbList, FAQPage",Tap‑to‑Call + 'Dispatch in X minutes',Link to Phoenix + Emergency page
emergency roadside truck repair phoenix,Emergency,Emergency,/services/emergency-roadside-assistance,Variant; strong GBP tie-in,150-300,Med,"Emergency Roadside Truck Repair Phoenix | 24/7 Mobile Diesel Mechanic — Phoenix, AZ",Emergency Roadside Truck Repair Phoenix,"Map Pack, Call Extension, Sitelinks","AutoRepair (LocalBusiness), Service, BreadcrumbList, FAQPage",Tap‑to‑Call + 'Dispatch in X minutes',Link to Phoenix + Emergency page
semi truck roadside assistance phoenix,Emergency,Emergency,/services/emergency-roadside-assistance,Map pack battleground,150-250,Med,"Semi Truck Roadside Assistance Phoenix | 24/7 Mobile Diesel Mechanic — Phoenix, AZ",Semi Truck Roadside Assistance Phoenix,"Map Pack, Call Extension, Sitelinks","AutoRepair (LocalBusiness), Service, BreadcrumbList, FAQPage",Tap‑to‑Call + 'Dispatch in X minutes',Link to Phoenix + Emergency page
truck won’t start mobile mechanic phoenix,Emergency,Emergency,/services/electrical-batteries,Symptom-led,50-100,Low,"Truck Won’T Start Mobile Mechanic Phoenix | 24/7 Mobile Diesel Mechanic — Phoenix, AZ",Truck Won’T Start Mobile Mechanic Phoenix,"Map Pack, Call Extension, Sitelinks","AutoRepair (LocalBusiness), Service, BreadcrumbList, FAQPage",Tap‑to‑Call + 'Dispatch in X minutes',Link to Phoenix + Emergency page
diesel mobile jump start phoenix,Emergency,Emergency,/services/electrical-batteries,Include ‘jumpstart’ copy,50-120,Low,"Diesel Mobile Jump Start Phoenix | 24/7 Mobile Diesel Mechanic — Phoenix, AZ",Diesel Mobile Jump Start Phoenix,"Map Pack, Call Extension, Sitelinks","AutoRepair (LocalBusiness), Service, BreadcrumbList, FAQPage",Tap‑to‑Call + 'Dispatch in X minutes',Link to Phoenix + Emergency page
fuel delivery diesel phoenix,Emergency,Emergency,/services/fuel-system-repair,Emergency fuel; add after-hours,40-90,Low,"Fuel Delivery Diesel Phoenix | 24/7 Mobile Diesel Mechanic — Phoenix, AZ",Fuel Delivery Diesel Phoenix,"Map Pack, Call Extension, Sitelinks","AutoRepair (LocalBusiness), Service, BreadcrumbList, FAQPage",Tap‑to‑Call + 'Dispatch in X minutes',Link to Phoenix + Emergency page
mobile tire repair semi phoenix,Emergency,Emergency,/services/brakes-air-systems,Tires/air leaks; clarify scope,120-220,Med,"Mobile Tire Repair Semi Phoenix | 24/7 Mobile Diesel Mechanic — Phoenix, AZ",Mobile Tire Repair Semi Phoenix,"Map Pack, Call Extension, Sitelinks","AutoRepair (LocalBusiness), Service, BreadcrumbList, FAQPage",Tap‑to‑Call + 'Dispatch in X minutes',Link to Phoenix + Emergency page
mobile truck ac repair phoenix,Emergency,Emergency,/services/ac-cooling,Heat-seasonal spike,80-160,Med,"Mobile Truck Ac Repair Phoenix | 24/7 Mobile Diesel Mechanic — Phoenix, AZ",Mobile Truck Ac Repair Phoenix,"Map Pack, Call Extension, Sitelinks","AutoRepair (LocalBusiness), Service, BreadcrumbList, FAQPage",Tap‑to‑Call + 'Dispatch in X minutes',Link to Phoenix + Emergency page
mobile radiator repair diesel phoenix,Emergency,Emergency,/services/ac-cooling,Overheating intent,40-90,Low,"Mobile Radiator Repair Diesel Phoenix | 24/7 Mobile Diesel Mechanic — Phoenix, AZ",Mobile Radiator Repair Diesel Phoenix,"Map Pack, Call Extension, Sitelinks","AutoRepair (LocalBusiness), Service, BreadcrumbList, FAQPage",Tap‑to‑Call + 'Dispatch in X minutes',Link to Phoenix + Emergency page
diesel engine diagnostics phoenix,Service,Diagnostics,/services/engine-diagnostics,ECM scan + code list,120-200,Med,Diesel Engine Diagnostics Phoenix | On‑Site Engine Diagnostics — Phoenix,Diesel Engine Diagnostics Phoenix,"Map Pack, Sitelinks, HowTo/FAQ","AutoRepair (LocalBusiness), Service, BreadcrumbList, FAQPage",Tap‑to‑Call + 'Book Mobile Service',"Link to /services/engine-diagnostics, Phoenix, related FAQs"
ecm scan semi truck phoenix,Service,Diagnostics,/services/engine-diagnostics,Add tool brands in copy,40-90,Low,Ecm Scan Semi Truck Phoenix | On‑Site Engine Diagnostics — Phoenix,Ecm Scan Semi Truck Phoenix,"Map Pack, Sitelinks, HowTo/FAQ","AutoRepair (LocalBusiness), Service, BreadcrumbList, FAQPage",Tap‑to‑Call + 'Book Mobile Service',"Link to /services/engine-diagnostics, Phoenix, related FAQs"
aftertreatment dpf doc egr cleaning phoenix,Service,General,/services/fuel-system-repair,Spell out DPF/DOC/EGR,70-140,Med,Aftertreatment Dpf Doc Egr Cleaning Phoenix | On‑Site Fuel System Repair — Phoenix,Aftertreatment Dpf Doc Egr Cleaning Phoenix,"Map Pack, Sitelinks, HowTo/FAQ","AutoRepair (LocalBusiness), Service, BreadcrumbList, FAQPage",Tap‑to‑Call + 'Book Mobile Service',Link to Phoenix + Emergency page
air brake repair mobile phoenix,Service,Brakes/Air,/services/brakes-air-systems,"Chambers, valves, lines",70-140,Med,Air Brake Repair Mobile Phoenix | On‑Site Brakes Air Systems — Phoenix,Air Brake Repair Mobile Phoenix,"Map Pack, Sitelinks, HowTo/FAQ","AutoRepair (LocalBusiness), Service, BreadcrumbList, FAQPage",Tap‑to‑Call + 'Book Mobile Service',"Link to /services/brakes-air-systems, air leaks FAQ, Phoenix"
wheel seal replacement mobile phoenix,Service,Cooling/AC,/services/brakes-air-systems,Add symptom keywords,40-80,Low,Wheel Seal Replacement Mobile Phoenix | On‑Site Brakes Air Systems — Phoenix,Wheel Seal Replacement Mobile Phoenix,"Map Pack, Sitelinks, HowTo/FAQ","AutoRepair (LocalBusiness), Service, BreadcrumbList, FAQPage",Tap‑to‑Call + 'Book Mobile Service',"Link to /services/ac-cooling, overheating blog, Phoenix"
suspension leaf spring repair mobile phoenix,Service,Brakes/Air,/services/suspension-steering,Include u-bolts/bushings,40-90,Low,Suspension Leaf Spring Repair Mobile Phoenix | On‑Site Suspension Steering — Phoenix,Suspension Leaf Spring Repair Mobile Phoenix,"Map Pack, Sitelinks, HowTo/FAQ","AutoRepair (LocalBusiness), Service, BreadcrumbList, FAQPage",Tap‑to‑Call + 'Book Mobile Service',"Link to /services/brakes-air-systems, air leaks FAQ, Phoenix"
steering box/pitman arm repair phoenix,Service,Brakes/Air,/services/suspension-steering,Heavy-duty terms,20-60,Low,Steering Box/Pitman Arm Repair Phoenix | On‑Site Suspension Steering — Phoenix,Steering Box/Pitman Arm Repair Phoenix,"Map Pack, Sitelinks, HowTo/FAQ","AutoRepair (LocalBusiness), Service, BreadcrumbList, FAQPage",Tap‑to‑Call + 'Book Mobile Service',"Link to /services/brakes-air-systems, air leaks FAQ, Phoenix"
hydraulic hose repair mobile phoenix,Service,Hydraulics,/services/hydraulics-hoses-cylinders,Competes w/ PIRTEK,120-220,Med,Hydraulic Hose Repair Mobile Phoenix | On‑Site Hydraulics Hoses Cylinders — Phoenix,Hydraulic Hose Repair Mobile Phoenix,"Map Pack, Sitelinks, HowTo/FAQ","AutoRepair (LocalBusiness), Service, BreadcrumbList, FAQPage",Tap‑to‑Call + 'Book Mobile Service',"Link to /services/hydraulics-hoses-cylinders, corridor page, Phoenix"
hydraulic cylinder repair phoenix,Service,Hydraulics,/services/hydraulics-hoses-cylinders,Shop vs mobile clarify,70-130,Med,Hydraulic Cylinder Repair Phoenix | On‑Site Hydraulics Hoses Cylinders — Phoenix,Hydraulic Cylinder Repair Phoenix,"Map Pack, Sitelinks, HowTo/FAQ","AutoRepair (LocalBusiness), Service, BreadcrumbList, FAQPage",Tap‑to‑Call + 'Book Mobile Service',"Link to /services/hydraulics-hoses-cylinders, corridor page, Phoenix"
alternator starter replacement diesel phoenix,Service,Electrical,/services/electrical-batteries,Charging system,90-170,Med,Alternator Starter Replacement Diesel Phoenix | On‑Site Electrical Batteries — Phoenix,Alternator Starter Replacement Diesel Phoenix,"Map Pack, Sitelinks, HowTo/FAQ","AutoRepair (LocalBusiness), Service, BreadcrumbList, FAQPage",Tap‑to‑Call + 'Book Mobile Service',"Link to /services/electrical-batteries, Emergency page"
mobile reefer unit repair phoenix,Service,Brakes/Air,/services/ac-cooling,Carrier/Thermo King,40-100,Med,Mobile Reefer Unit Repair Phoenix | On‑Site Ac Cooling — Phoenix,Mobile Reefer Unit Repair Phoenix,"Map Pack, Sitelinks, HowTo/FAQ","AutoRepair (LocalBusiness), Service, BreadcrumbList, FAQPage",Tap‑to‑Call + 'Book Mobile Service',"Link to /services/brakes-air-systems, air leaks FAQ, Phoenix"
mobile pto repair phoenix,Service,Brakes/Air,/services/hydraulics-hoses-cylinders,Vocational trucks,20-60,Low,Mobile Pto Repair Phoenix | On‑Site Hydraulics Hoses Cylinders — Phoenix,Mobile Pto Repair Phoenix,"Map Pack, Sitelinks, HowTo/FAQ","AutoRepair (LocalBusiness), Service, BreadcrumbList, FAQPage",Tap‑to‑Call + 'Book Mobile Service',"Link to /services/brakes-air-systems, air leaks FAQ, Phoenix"
mobile clutch repair semi phoenix,Service,Brakes/Air,/services/brakes-air-systems,Add towing handoff,30-80,Med,Mobile Clutch Repair Semi Phoenix | On‑Site Brakes Air Systems — Phoenix,Mobile Clutch Repair Semi Phoenix,"Map Pack, Sitelinks, HowTo/FAQ","AutoRepair (LocalBusiness), Service, BreadcrumbList, FAQPage",Tap‑to‑Call + 'Book Mobile Service',"Link to /services/brakes-air-systems, air leaks FAQ, Phoenix"
i-10 mobile truck repair phoenix,Local/Corridor,Brakes/Air,/corridors/i-10,Target exits: 130–162,40-120,Low,I-10 Mobile Truck Repair Phoenix | Fast 24/7 Mobile Diesel Mechanic (ETA on I-10),Mobile Diesel Repair on I-10 MOBILE TRUCK REPAIR PHOENIX,"Map Pack, Map Pins, Sitelinks","AutoRepair (LocalBusiness), Service, BreadcrumbList, FAQPage, areaServed",Tap‑to‑Call + 'Dispatch in X minutes',"Link to /services/brakes-air-systems, air leaks FAQ, Phoenix"
i-17 mobile diesel mechanic,Local/Corridor,Corridor,/corridors/i-17,Target Anthem–Sky Harbor,30-90,Low,I-17 Mobile Diesel Mechanic | Fast 24/7 Mobile Diesel Mechanic (ETA on I-17),Mobile Diesel Repair on I-17 MOBILE DIESEL MECHANIC,"Map Pack, Map Pins, Sitelinks","AutoRepair (LocalBusiness), Service, BreadcrumbList, FAQPage, areaServed",Tap‑to‑Call + 'Dispatch in X minutes',Link to nearest city pages + Emergency page
loop 101 truck repair,Local/Corridor,Brakes/Air,/corridors/loop-101,"Peoria, Scottsdale, Glendale",20-70,Low,Loop 101 Truck Repair | Fast 24/7 Mobile Diesel Mechanic (ETA on LOOP),Mobile Diesel Repair on LOOP 101 TRUCK REPAIR,"Map Pack, Map Pins, Sitelinks","AutoRepair (LocalBusiness), Service, BreadcrumbList, FAQPage, areaServed",Tap‑to‑Call + 'Dispatch in X minutes',"Link to /services/brakes-air-systems, air leaks FAQ, Phoenix"
loop 202 truck repair,Local/Corridor,Brakes/Air,/corridors/loop-202,South Mtn/Mesa Gateway,10-40,Low,Loop 202 Truck Repair | Fast 24/7 Mobile Diesel Mechanic (ETA on LOOP),Mobile Diesel Repair on LOOP 202 TRUCK REPAIR,"Map Pack, Map Pins, Sitelinks","AutoRepair (LocalBusiness), Service, BreadcrumbList, FAQPage, areaServed",Tap‑to‑Call + 'Dispatch in X minutes',"Link to /services/brakes-air-systems, air leaks FAQ, Phoenix"
loop 303 truck repair,Local/Corridor,Brakes/Air,/corridors/loop-303,"Surprise, Goodyear, Buckeye",10-40,Low,Loop 303 Truck Repair | Fast 24/7 Mobile Diesel Mechanic (ETA on LOOP),Mobile Diesel Repair on LOOP 303 TRUCK REPAIR,"Map Pack, Map Pins, Sitelinks","AutoRepair (LocalBusiness), Service, BreadcrumbList, FAQPage, areaServed",Tap‑to‑Call + 'Dispatch in X minutes',"Link to /services/brakes-air-systems, air leaks FAQ, Phoenix"
tolleson truck repair mobile,Local,Brakes/Air,/locations/tolleson,Industrial cluster,20-60,Low,"Tolleson Truck Repair Mobile | Mobile Diesel Mechanic — Phoenix, AZ",Tolleson Truck Repair Mobile,"Map Pack, Map Pins, Sitelinks","AutoRepair (LocalBusiness), Service, BreadcrumbList, FAQPage, areaServed",Tap‑to‑Call,"Link to /services/brakes-air-systems, air leaks FAQ, Phoenix"
avondale mobile diesel mechanic,Local,Corridor,/locations/avondale,City page term,30-80,Low,"Avondale Mobile Diesel Mechanic | Mobile Diesel Mechanic — Phoenix, AZ",Avondale Mobile Diesel Mechanic,"Map Pack, Map Pins, Sitelinks","AutoRepair (LocalBusiness), Service, BreadcrumbList, FAQPage, areaServed",Tap‑to‑Call,Link to nearest city pages + Emergency page
glendale mobile diesel mechanic,Local,Corridor,/locations/glendale,City page term,30-90,Low,"Glendale Mobile Diesel Mechanic | Mobile Diesel Mechanic — Phoenix, AZ",Glendale Mobile Diesel Mechanic,"Map Pack, Map Pins, Sitelinks","AutoRepair (LocalBusiness), Service, BreadcrumbList, FAQPage, areaServed",Tap‑to‑Call,Link to nearest city pages + Emergency page
mesa mobile diesel mechanic,Local,Corridor,/locations/mesa,City page term,40-110,Low,"Mesa Mobile Diesel Mechanic | Mobile Diesel Mechanic — Phoenix, AZ",Mesa Mobile Diesel Mechanic,"Map Pack, Map Pins, Sitelinks","AutoRepair (LocalBusiness), Service, BreadcrumbList, FAQPage, areaServed",Tap‑to‑Call,Link to nearest city pages + Emergency page
chandler mobile diesel mechanic,Local,Corridor,/locations/chandler,City page term,30-80,Low,"Chandler Mobile Diesel Mechanic | Mobile Diesel Mechanic — Phoenix, AZ",Chandler Mobile Diesel Mechanic,"Map Pack, Map Pins, Sitelinks","AutoRepair (LocalBusiness), Service, BreadcrumbList, FAQPage, areaServed",Tap‑to‑Call,Link to nearest city pages + Emergency page
tempe mobile diesel mechanic,Local,Corridor,/locations/tempe,City page term,30-80,Low,"Tempe Mobile Diesel Mechanic | Mobile Diesel Mechanic — Phoenix, AZ",Tempe Mobile Diesel Mechanic,"Map Pack, Map Pins, Sitelinks","AutoRepair (LocalBusiness), Service, BreadcrumbList, FAQPage, areaServed",Tap‑to‑Call,Link to nearest city pages + Emergency page
scottsdale mobile diesel mechanic,Local,Corridor,/locations/scottsdale,City page term,20-70,Low,"Scottsdale Mobile Diesel Mechanic | Mobile Diesel Mechanic — Phoenix, AZ",Scottsdale Mobile Diesel Mechanic,"Map Pack, Map Pins, Sitelinks","AutoRepair (LocalBusiness), Service, BreadcrumbList, FAQPage, areaServed",Tap‑to‑Call,Link to nearest city pages + Emergency page
surprise mobile diesel mechanic,Local,Corridor,/locations/surprise,City page term,20-60,Low,"Surprise Mobile Diesel Mechanic | Mobile Diesel Mechanic — Phoenix, AZ",Surprise Mobile Diesel Mechanic,"Map Pack, Map Pins, Sitelinks","AutoRepair (LocalBusiness), Service, BreadcrumbList, FAQPage, areaServed",Tap‑to‑Call,Link to nearest city pages + Emergency page
goodyear mobile diesel mechanic,Local,Corridor,/locations/goodyear,City page term,20-60,Low,"Goodyear Mobile Diesel Mechanic | Mobile Diesel Mechanic — Phoenix, AZ",Goodyear Mobile Diesel Mechanic,"Map Pack, Map Pins, Sitelinks","AutoRepair (LocalBusiness), Service, BreadcrumbList, FAQPage, areaServed",Tap‑to‑Call,Link to nearest city pages + Emergency page
buckeye mobile diesel mechanic,Local,Corridor,/locations/buckeye,City page term,20-60,Low,"Buckeye Mobile Diesel Mechanic | Mobile Diesel Mechanic — Phoenix, AZ",Buckeye Mobile Diesel Mechanic,"Map Pack, Map Pins, Sitelinks","AutoRepair (LocalBusiness), Service, BreadcrumbList, FAQPage, areaServed",Tap‑to‑Call,Link to nearest city pages + Emergency page
diesel overheating in phoenix heat,Informational,Cooling/AC,/blog/diesel-overheating-phoenix,Tie to AC/cooling service,20-70,Low,"Diesel Overheating In Phoenix Heat | Mobile Diesel Mechanic — Phoenix, AZ",Diesel Overheating In Phoenix Heat,"FAQ, HowTo, People Also Ask","FAQPage, HowTo, BreadcrumbList",Inline CTA to matching Service page,"Link to /services/ac-cooling, overheating blog, Phoenix"
air brake leak symptoms on the road,Informational,Brakes/Air,/blog/air-brake-leak-symptoms,Embed booking CTA,30-80,Low,"Air Brake Leak Symptoms On The Road | Mobile Diesel Mechanic — Phoenix, AZ",Air Brake Leak Symptoms On The Road,"FAQ, HowTo, People Also Ask","FAQPage, HowTo, BreadcrumbList",Inline CTA to matching Service page,"Link to /services/brakes-air-systems, air leaks FAQ, Phoenix"
how to prime diesel after running out of fuel,Informational,General,/blog/prime-diesel-after-out-of-fuel,Emergency fuel tie-in,90-200,Med,"How To Prime Diesel After Running Out Of Fuel | Mobile Diesel Mechanic — Phoenix, AZ",How To Prime Diesel After Running Out Of Fuel,"FAQ, HowTo, People Also Ask","FAQPage, HowTo, BreadcrumbList",Inline CTA to matching Service page,Link to Phoenix + Emergency page
check engine light codes diesel p20ee phoenix,Informational,General,/blog/p20ee-dpf-guide,Aftertreatment guide,40-100,Med,"Check Engine Light Codes Diesel P20Ee Phoenix | Mobile Diesel Mechanic — Phoenix, AZ",Check Engine Light Codes Diesel P20Ee Phoenix,"FAQ, HowTo, People Also Ask","FAQPage, HowTo, BreadcrumbList",Inline CTA to matching Service page,Link to Phoenix + Emergency page
best truck stops phoenix for repairs,Informational,Brakes/Air,/blog/phoenix-truck-stops-repairs,Link to corridor pages,30-90,Low,"Best Truck Stops Phoenix For Repairs | Mobile Diesel Mechanic — Phoenix, AZ",Best Truck Stops Phoenix For Repairs,"FAQ, HowTo, People Also Ask","FAQPage, HowTo, BreadcrumbList",Inline CTA to matching Service page,"Link to /services/brakes-air-systems, air leaks FAQ, Phoenix"
pirtek hydraulic hose phoenix,Competitor Capture,Hydraulics,/services/hydraulics-hoses-cylinders,Comparison section,150-300,Med,Pirtek Hydraulic Hose Phoenix | Better 24/7 Mobile Alternative — Phoenix,Pirtek Hydraulic Hose Phoenix — Compare Us,"Sitelinks, Comparison Rich Snippets","Product/Service (comparison), BreadcrumbList",Tap‑to‑Call + Comparison bullets,"Link to /services/hydraulics-hoses-cylinders, corridor page, Phoenix"
w.w. williams phoenix diesel repair,Competitor Capture,Brakes/Air,/comparison/w-w-williams,Alt-option landing,70-130,Med,W.W. Williams Phoenix Diesel Repair | Better 24/7 Mobile Alternative — Phoenix,W.W. Williams Phoenix Diesel Repair — Compare Us,"Sitelinks, Comparison Rich Snippets","Product/Service (comparison), BreadcrumbList",Tap‑to‑Call + Comparison bullets,"Link to /services/brakes-air-systems, air leaks FAQ, Phoenix"
onsite truck & equipment repair phoenix,Competitor Capture,Brakes/Air,/comparison/onsite-truck-az,Alt-option landing,60-120,Med,Onsite Truck & Equipment Repair Phoenix | Better 24/7 Mobile Alternative — Phoenix,Onsite Truck & Equipment Repair Phoenix — Compare Us,"Sitelinks, Comparison Rich Snippets","Product/Service (comparison), BreadcrumbList",Tap‑to‑Call + Comparison bullets,"Link to /services/brakes-air-systems, air leaks FAQ, Phoenix"
